Workbook

Sheet Sales Transactions
A1: Order ID | B1: Order Date | C1: Region | D1: Category | E1: Sales Rep | F1: Units Sold | G1: Unit Price | H1: Revenue
A2: 1027 | B2: 45292 | C2: South | D2: Toys & Games | E2: Priya Shah | F2: 40 | G2: 57.45 | H2: =F2*G2 -> 2298
A3: 1125 | B3: 45292 | C3: Northeast | D3: Sporting Goods | E3: Marcus Webb | F3: 16 | G3: 195.14 | H3: =F3*G3 -> 3122.24
A4: 1574 | B4: 45292 | C4: West | D4: Sporting Goods | E4: Morgan Ellis | F4: 25 | G4: 128.65 | H4: =F4*G4 -> 3216.25
A5: 1131 | B5: 45293 | C5: Northeast | D5: Toys & Games | E5: Marcus Webb | F5: 18 | G5: 59.82 | H5: =F5*G5 -> 1076.76
A6: 1355 | B6: 45293 | C6: Midwest | D6: Apparel | E6: Jenna Park | F6: 27 | G6: 47.64 | H6: =F6*G6 -> 1286.28
A7: 1415 | B7: 45294 | C7: Midwest | D7: Toys & Games | E7: Sam Okafor | F7: 26 | G7: 55.85 | H7: =F7*G7 -> 1452.1
A8: 1165 | B8: 45296 | C8: West | D8: Apparel | E8: Morgan Ellis | F8: 3 | G8: 83.58 | H8: =F8*G8 -> 250.74
A9: 1284 | B9: 45298 | C9: South | D9: Home & Garden | E9: Tyler Bloom | F9: 32 | G9: 110.47 | H9: =F9*G9 -> 3535.04
A10: 1462 | B10: 45298 | C10: West | D10: Apparel | E10: Morgan Ellis | F10: 9 | G10: 67.35 | H10: =F10*G10 -> 606.15
A11: 1070 | B11: 45303 | C11: Midwest | D11: Toys & Games | E11: Jenna Park | F11: 18 | G11: 56.33 | H11: =F11*G11 -> 1013.94
A12: 1469 | B12: 45303 | C12: West | D12: Sporting Goods | E12: Alex Chen | F12: 22 | G12: 155.78 | H12: =F12*G12 -> 3427.16
A13: 1216 | B13: 45304 | C13: South | D13: Apparel | E13: Tyler Bloom | F13: 39 | G13: 29.96 | H13: =F13*G13 -> 1168.44
... A651: 1308 | B651: 46022 | C651: South | D651: Electronics | E651: Tyler Bloom | F651: 32 | G651: 281.16 | H651: =F651*G651 -> 8997.12

Sheet Sales Targets
A1: Month | B1: Region | C1: Category | D1: Target Revenue
A2: 2024-01-01 | B2: Northeast | C2: Electronics | D2: 4610
A3: 2024-01-01 | B3: Northeast | C3: Apparel | D3: 1180
A4: 2024-01-01 | B4: Northeast | C4: Home & Garden | D4: 3240
A5: 2024-01-01 | B5: Northeast | C5: Sporting Goods | D5: 3030
A6: 2024-01-01 | B6: Northeast | C6: Toys & Games | D6: 490
A7: 2024-01-01 | B7: South | C7: Electronics | D7: 6480
A8: 2024-01-01 | B8: South | C8: Apparel | D8: 1150
A9: 2024-01-01 | B9: South | C9: Home & Garden | D9: 2460
A10: 2024-01-01 | B10: South | C10: Sporting Goods | D10: 2660
A11: 2024-01-01 | B11: South | C11: Toys & Games | D11: 750
A12: 2024-01-01 | B12: Midwest | C12: Electronics | D12: 5680
A13: 2024-01-01 | B13: Midwest | C13: Apparel | D13: 1350
... A481: 2025-12-01 | B481: West | C481: Toys & Games | D481: 1500

Sheet Performance Analysis
A1: Retail Sales Performance: Actual vs. Target
A3: Region | B3: Category | C3: Actual Revenue | D3: Target Revenue | E3: $ Variance | F3: % Variance | G3: Result
A4: Northeast | B4: Electronics | C4: =SUMIFS('Sales Transactions'!$H$2:$H$651,'Sales Transactions'!$C$2:$C$651,A4,'Sales Transactions'!$D$2:$D$651,B4) -> 131570.99 | D4: =SUMIFS('Sales Targets'!$D$2:$D$481,'Sales Targets'!$B$2:$B$481,A4,'Sales Targets'!$C$2:$C$481,B4) -> 139540 | E4: =C4-D4 -> -7969.01 | F4: =IF(D4=0,0,E4/D4) -> -0.057109144 | G4: =IF(C4>=D4,"Favorable","Unfavorable") -> Unfavorable
A5: Northeast | B5: Apparel | C5: =SUMIFS('Sales Transactions'!$H$2:$H$651,'Sales Transactions'!$C$2:$C$651,A5,'Sales Transactions'!$D$2:$D$651,B5) -> 32216.99 | D5: =SUMIFS('Sales Targets'!$D$2:$D$481,'Sales Targets'!$B$2:$B$481,A5,'Sales Targets'!$C$2:$C$481,B5) -> 35810 | E5: =C5-D5 -> -3593.01 | F5: =IF(D5=0,0,E5/D5) -> -0.10033538 | G5: =IF(C5>=D5,"Favorable","Unfavorable") -> Unfavorable
A6: Northeast | B6: Home & Garden | C6: =SUMIFS('Sales Transactions'!$H$2:$H$651,'Sales Transactions'!$C$2:$C$651,A6,'Sales Transactions'!$D$2:$D$651,B6) -> 76463.15 | D6: =SUMIFS('Sales Targets'!$D$2:$D$481,'Sales Targets'!$B$2:$B$481,A6,'Sales Targets'!$C$2:$C$481,B6) -> 98260 | E6: =C6-D6 -> -21796.85 | F6: =IF(D6=0,0,E6/D6) -> -0.22182831 | G6: =IF(C6>=D6,"Favorable","Unfavorable") -> Unfavorable
A7: Northeast | B7: Sporting Goods | C7: =SUMIFS('Sales Transactions'!$H$2:$H$651,'Sales Transactions'!$C$2:$C$651,A7,'Sales Transactions'!$D$2:$D$651,B7) -> 85928.24 | D7: =SUMIFS('Sales Targets'!$D$2:$D$481,'Sales Targets'!$B$2:$B$481,A7,'Sales Targets'!$C$2:$C$481,B7) -> 91670 | E7: =C7-D7 -> -5741.76 | F7: =IF(D7=0,0,E7/D7) -> -0.062635104 | G7: =IF(C7>=D7,"Favorable","Unfavorable") -> Unfavorable
A8: Northeast | B8: Toys & Games | C8: =SUMIFS('Sales Transactions'!$H$2:$H$651,'Sales Transactions'!$C$2:$C$651,A8,'Sales Transactions'!$D$2:$D$651,B8) -> 13633.65 | D8: =SUMIFS('Sales Targets'!$D$2:$D$481,'Sales Targets'!$B$2:$B$481,A8,'Sales Targets'!$C$2:$C$481,B8) -> 14830 | E8: =C8-D8 -> -1196.35 | F8: =IF(D8=0,0,E8/D8) -> -0.080670937 | G8: =IF(C8>=D8,"Favorable","Unfavorable") -> Unfavorable
A9: South | B9: Electronics | C9: =SUMIFS('Sales Transactions'!$H$2:$H$651,'Sales Transactions'!$C$2:$C$651,A9,'Sales Transactions'!$D$2:$D$651,B9) -> 174600.37 | D9: =SUMIFS('Sales Targets'!$D$2:$D$481,'Sales Targets'!$B$2:$B$481,A9,'Sales Targets'!$C$2:$C$481,B9) -> 196390 | E9: =C9-D9 -> -21789.63 | F9: =IF(D9=0,0,E9/D9) -> -0.11095081 | G9: =IF(C9>=D9,"Favorable","Unfavorable") -> Unfavorable
A10: South | B10: Apparel | C10: =SUMIFS('Sales Transactions'!$H$2:$H$651,'Sales Transactions'!$C$2:$C$651,A10,'Sales Transactions'!$D$2:$D$651,B10) -> 37440.23 | D10: =SUMIFS('Sales Targets'!$D$2:$D$481,'Sales Targets'!$B$2:$B$481,A10,'Sales Targets'!$C$2:$C$481,B10) -> 34940 | E10: =C10-D10 -> 2500.23 | F10: =IF(D10=0,0,E10/D10) -> 0.071557813 | G10: =IF(C10>=D10,"Favorable","Unfavorable") -> Favorable
A11: South | B11: Home & Garden | C11: =SUMIFS('Sales Transactions'!$H$2:$H$651,'Sales Transactions'!$C$2:$C$651,A11,'Sales Transactions'!$D$2:$D$651,B11) -> 68501.41 | D11: =SUMIFS('Sales Targets'!$D$2:$D$481,'Sales Targets'!$B$2:$B$481,A11,'Sales Targets'!$C$2:$C$481,B11) -> 74600 | E11: =C11-D11 -> -6098.59 | F11: =IF(D11=0,0,E11/D11) -> -0.081750536 | G11: =IF(C11>=D11,"Favorable","Unfavorable") -> Unfavorable
A12: South | B12: Sporting Goods | C12: =SUMIFS('Sales Transactions'!$H$2:$H$651,'Sales Transactions'!$C$2:$C$651,A12,'Sales Transactions'!$D$2:$D$651,B12) -> 70357.33 | D12: =SUMIFS('Sales Targets'!$D$2:$D$481,'Sales Targets'!$B$2:$B$481,A12,'Sales Targets'!$C$2:$C$481,B12) -> 80580 | E12: =C12-D12 -> -10222.67 | F12: =IF(D12=0,0,E12/D12) -> -0.12686361 | G12: =IF(C12>=D12,"Favorable","Unfavorable") -> Unfavorable
A13: South | B13: Toys & Games | C13: =SUMIFS('Sales Transactions'!$H$2:$H$651,'Sales Transactions'!$C$2:$C$651,A13,'Sales Transactions'!$D$2:$D$651,B13) -> 18556.87 | D13: =SUMIFS('Sales Targets'!$D$2:$D$481,'Sales Targets'!$B$2:$B$481,A13,'Sales Targets'!$C$2:$C$481,B13) -> 22720 | E13: =C13-D13 -> -4163.13 | F13: =IF(D13=0,0,E13/D13) -> -0.18323636 | G13: =IF(C13>=D13,"Favorable","Unfavorable") -> Unfavorable
A14: Midwest | B14: Electronics | C14: =SUMIFS('Sales Transactions'!$H$2:$H$651,'Sales Transactions'!$C$2:$C$651,A14,'Sales Transactions'!$D$2:$D$651,B14) -> 193150.27 | D14: =SUMIFS('Sales Targets'!$D$2:$D$481,'Sales Targets'!$B$2:$B$481,A14,'Sales Targets'!$C$2:$C$481,B14) -> 171940 | E14: =C14-D14 -> 21210.27 | F14: =IF(D14=0,0,E14/D14) -> 0.12335856 | G14: =IF(C14>=D14,"Favorable","Unfavorable") -> Favorable
A15: Midwest | B15: Apparel | C15: =SUMIFS('Sales Transactions'!$H$2:$H$651,'Sales Transactions'!$C$2:$C$651,A15,'Sales Transactions'!$D$2:$D$651,B15) -> 41354.11 | D15: =SUMIFS('Sales Targets'!$D$2:$D$481,'Sales Targets'!$B$2:$B$481,A15,'Sales Targets'!$C$2:$C$481,B15) -> 40950 | E15: =C15-D15 -> 404.11 | F15: =IF(D15=0,0,E15/D15) -> 0.0098683761 | G15: =IF(C15>=D15,"Favorable","Unfavorable") -> Favorable
... A23: West | B23: Toys & Games | C23: =SUMIFS('Sales Transactions'!$H$2:$H$651,'Sales Transactions'!$C$2:$C$651,A23,'Sales Transactions'!$D$2:$D$651,B23) -> 24368 | D23: =SUMIFS('Sales Targets'!$D$2:$D$481,'Sales Targets'!$B$2:$B$481,A23,'Sales Targets'!$C$2:$C$481,B23) -> 27740 | E23: =C23-D23 -> -3372 | F23: =IF(D23=0,0,E23/D23) -> -0.12155732 | G23: =IF(C23>=D23,"Favorable","Unfavorable") -> Unfavorable
A25: Total | C25: =SUM(C4:C23) -> 1370956.2 | D25: =SUM(D4:D23) -> 1467580 | E25: =C25-D25 -> -96623.85 | F25: =IF(D25=0,0,E25/D25) -> -0.065838898

Sheet Dashboard
A1: Retail Sales Performance Dashboard
A2: Region: | B2: South
A3: Category: | B3: Toys & Games
A5: Actual Revenue | B5: =SUMIFS('Performance Analysis'!$C$4:$C$23,'Performance Analysis'!$A$4:$A$23,B2,'Performance Analysis'!$B$4:$B$23,B3) -> 18556.87
A6: Target Revenue: | B6: =SUMIFS('Performance Analysis'!$D$4:$D$23,'Performance Analysis'!$A$4:$A$23,B2,'Performance Analysis'!$B$4:$B$23,B3) -> 22720
A7: $ Variance: | B7: =B5-B6 -> -4163.13
A8: % Variance: | B8: =IF(B6=0,0,B7/B6) -> -0.18323636
A11: Electronics | B11: =SUMIFS('Performance Analysis'!$E$4:$E$23, 'Performance Analysis'!$A$4:$A$23, B2, 'Performance Analysis'!$B$4:$B$23, "Electronics") -> -21789.63
A12: Apparel | B12: =SUMIFS('Performance Analysis'!$E$4:$E$23, 'Performance Analysis'!$A$4:$A$23, B2, 'Performance Analysis'!$B$4:$B$23, "Apparel") -> 2500.23
A13: Home & Garden | B13: =SUMIFS('Performance Analysis'!$E$4:$E$23, 'Performance Analysis'!$A$4:$A$23, B2, 'Performance Analysis'!$B$4:$B$23, "Home & Garden") -> -6098.59
A14: Sporting Goods | B14: =SUMIFS('Performance Analysis'!$E$4:$E$23, 'Performance Analysis'!$A$4:$A$23, B2, 'Performance Analysis'!$B$4:$B$23, "Sporting Goods") -> -10222.67
A15: Toys & Games | B15: =SUMIFS('Performance Analysis'!$E$4:$E$23, 'Performance Analysis'!$A$4:$A$23, B2, 'Performance Analysis'!$B$4:$B$23, "Toys & Games") -> -4163.13
A18: Month | B18: Actual Revenue | C18: Target Revenue
A19: 45292 | B19: =SUMIFS('Sales Transactions'!$H$2:$H$651, 'Sales Transactions'!$C$2:$C$651, $B$2, 'Sales Transactions'!$D$2:$D$651, $B$3, 'Sales Transactions'!$B$2:$B$651, ">="&A19, 'Sales Transactions'!$B$2:$B$651, "<"&A20) -> 2298 | C19: =SUMIFS('Sales Targets'!$D$2:$D$481, 'Sales Targets'!$B$2:$B$481, $B$2, 'Sales Targets'!$C$2:$C$481, $B$3, 'Sales Targets'!$A$2:$A$481, A19) -> 750
A20: =EDATE(A19, 1) -> 45323 | B20: =SUMIFS('Sales Transactions'!$H$2:$H$651, 'Sales Transactions'!$C$2:$C$651, $B$2, 'Sales Transactions'!$D$2:$D$651, $B$3, 'Sales Transactions'!$B$2:$B$651, ">="&A20, 'Sales Transactions'!$B$2:$B$651, "<"&A21) -> 1387.24 | C20: =SUMIFS('Sales Targets'!$D$2:$D$481, 'Sales Targets'!$B$2:$B$481, $B$2, 'Sales Targets'!$C$2:$C$481, $B$3, 'Sales Targets'!$A$2:$A$481, A20) -> 760
A21: =EDATE(A20, 1) -> 45352 | B21: =SUMIFS('Sales Transactions'!$H$2:$H$651, 'Sales Transactions'!$C$2:$C$651, $B$2, 'Sales Transactions'!$D$2:$D$651, $B$3, 'Sales Transactions'!$B$2:$B$651, ">="&A21, 'Sales Transactions'!$B$2:$B$651, "<"&A22) -> 762.5 | C21: =SUMIFS('Sales Targets'!$D$2:$D$481, 'Sales Targets'!$B$2:$B$481, $B$2, 'Sales Targets'!$C$2:$C$481, $B$3, 'Sales Targets'!$A$2:$A$481, A21) -> 850
A22: =EDATE(A21, 1) -> 45383 | B22: =SUMIFS('Sales Transactions'!$H$2:$H$651, 'Sales Transactions'!$C$2:$C$651, $B$2, 'Sales Transactions'!$D$2:$D$651, $B$3, 'Sales Transactions'!$B$2:$B$651, ">="&A22, 'Sales Transactions'!$B$2:$B$651, "<"&A23) -> 99.21 | C22: =SUMIFS('Sales Targets'!$D$2:$D$481, 'Sales Targets'!$B$2:$B$481, $B$2, 'Sales Targets'!$C$2:$C$481, $B$3, 'Sales Targets'!$A$2:$A$481, A22) -> 860
A23: =EDATE(A22, 1) -> 45413 | B23: =SUMIFS('Sales Transactions'!$H$2:$H$651, 'Sales Transactions'!$C$2:$C$651, $B$2, 'Sales Transactions'!$D$2:$D$651, $B$3, 'Sales Transactions'!$B$2:$B$651, ">="&A23, 'Sales Transactions'!$B$2:$B$651, "<"&A24) -> 1208.1 | C23: =SUMIFS('Sales Targets'!$D$2:$D$481, 'Sales Targets'!$B$2:$B$481, $B$2, 'Sales Targets'!$C$2:$C$481, $B$3, 'Sales Targets'!$A$2:$A$481, A23) -> 870
A24: =EDATE(A23, 1) -> 45444 | B24: =SUMIFS('Sales Transactions'!$H$2:$H$651, 'Sales Transactions'!$C$2:$C$651, $B$2, 'Sales Transactions'!$D$2:$D$651, $B$3, 'Sales Transactions'!$B$2:$B$651, ">="&A24, 'Sales Transactions'!$B$2:$B$651, "<"&A25) -> 0 | C24: =SUMIFS('Sales Targets'!$D$2:$D$481, 'Sales Targets'!$B$2:$B$481, $B$2, 'Sales Targets'!$C$2:$C$481, $B$3, 'Sales Targets'!$A$2:$A$481, A24) -> 870
A25: =EDATE(A24, 1) -> 45474 | B25: =SUMIFS('Sales Transactions'!$H$2:$H$651, 'Sales Transactions'!$C$2:$C$651, $B$2, 'Sales Transactions'!$D$2:$D$651, $B$3, 'Sales Transactions'!$B$2:$B$651, ">="&A25, 'Sales Transactions'!$B$2:$B$651, "<"&A26) -> 0 | C25: =SUMIFS('Sales Targets'!$D$2:$D$481, 'Sales Targets'!$B$2:$B$481, $B$2, 'Sales Targets'!$C$2:$C$481, $B$3, 'Sales Targets'!$A$2:$A$481, A25) -> 880
A26: =EDATE(A25, 1) -> 45505 | B26: =SUMIFS('Sales Transactions'!$H$2:$H$651, 'Sales Transactions'!$C$2:$C$651, $B$2, 'Sales Transactions'!$D$2:$D$651, $B$3, 'Sales Transactions'!$B$2:$B$651, ">="&A26, 'Sales Transactions'!$B$2:$B$651, "<"&A27) -> 55.56 | C26: =SUMIFS('Sales Targets'!$D$2:$D$481, 'Sales Targets'!$B$2:$B$481, $B$2, 'Sales Targets'!$C$2:$C$481, $B$3, 'Sales Targets'!$A$2:$A$481, A26) -> 890
A27: =EDATE(A26, 1) -> 45536 | B27: =SUMIFS('Sales Transactions'!$H$2:$H$651, 'Sales Transactions'!$C$2:$C$651, $B$2, 'Sales Transactions'!$D$2:$D$651, $B$3, 'Sales Transactions'!$B$2:$B$651, ">="&A27, 'Sales Transactions'!$B$2:$B$651, "<"&A28) -> 283.92 | C27: =SUMIFS('Sales Targets'!$D$2:$D$481, 'Sales Targets'!$B$2:$B$481, $B$2, 'Sales Targets'!$C$2:$C$481, $B$3, 'Sales Targets'!$A$2:$A$481, A27) -> 900
A28: =EDATE(A27, 1) -> 45566 | B28: =SUMIFS('Sales Transactions'!$H$2:$H$651, 'Sales Transactions'!$C$2:$C$651, $B$2, 'Sales Transactions'!$D$2:$D$651, $B$3, 'Sales Transactions'!$B$2:$B$651, ">="&A28, 'Sales Transactions'!$B$2:$B$651, "<"&A29) -> 122.44 | C28: =SUMIFS('Sales Targets'!$D$2:$D$481, 'Sales Targets'!$B$2:$B$481, $B$2, 'Sales Targets'!$C$2:$C$481, $B$3, 'Sales Targets'!$A$2:$A$481, A28) -> 910
A29: =EDATE(A28, 1) -> 45597 | B29: =SUMIFS('Sales Transactions'!$H$2:$H$651, 'Sales Transactions'!$C$2:$C$651, $B$2, 'Sales Transactions'!$D$2:$D$651, $B$3, 'Sales Transactions'!$B$2:$B$651, ">="&A29, 'Sales Transactions'!$B$2:$B$651, "<"&A30) -> 1309.34 | C29: =SUMIFS('Sales Targets'!$D$2:$D$481, 'Sales Targets'!$B$2:$B$481, $B$2, 'Sales Targets'!$C$2:$C$481, $B$3, 'Sales Targets'!$A$2:$A$481, A29) -> 1100
A30: =EDATE(A29, 1) -> 45627 | B30: =SUMIFS('Sales Transactions'!$H$2:$H$651, 'Sales Transactions'!$C$2:$C$651, $B$2, 'Sales Transactions'!$D$2:$D$651, $B$3, 'Sales Transactions'!$B$2:$B$651, ">="&A30, 'Sales Transactions'!$B$2:$B$651, "<"&A31) -> 0 | C30: =SUMIFS('Sales Targets'!$D$2:$D$481, 'Sales Targets'!$B$2:$B$481, $B$2, 'Sales Targets'!$C$2:$C$481, $B$3, 'Sales Targets'!$A$2:$A$481, A30) -> 1110
A31: =EDATE(A30, 1) -> 45658 | B31: =SUMIFS('Sales Transactions'!$H$2:$H$651, 'Sales Transactions'!$C$2:$C$651, $B$2, 'Sales Transactions'!$D$2:$D$651, $B$3, 'Sales Transactions'!$B$2:$B$651, ">="&A31, 'Sales Transactions'!$B$2:$B$651, "<"&A32) -> 0 | C31: =SUMIFS('Sales Targets'!$D$2:$D$481, 'Sales Targets'!$B$2:$B$481, $B$2, 'Sales Targets'!$C$2:$C$481, $B$3, 'Sales Targets'!$A$2:$A$481, A31) -> 840
... A42: =EDATE(A41, 1) -> 45992 | B42: =SUMIFS('Sales Transactions'!$H$2:$H$651, 'Sales Transactions'!$C$2:$C$651, $B$2, 'Sales Transactions'!$D$2:$D$651, $B$3, 'Sales Transactions'!$B$2:$B$651, ">="&A42, 'Sales Transactions'!$B$2:$B$651, "<"&A43) -> 0 | C42: =SUMIFS('Sales Targets'!$D$2:$D$481, 'Sales Targets'!$B$2:$B$481, $B$2, 'Sales Targets'!$C$2:$C$481, $B$3, 'Sales Targets'!$A$2:$A$481, A42) -> 1230
